{
    "Beta": 3.219608081939909,
    "Energy": 26475.042883497677,
    "density": 0.008054474708171206,
    "assortativity_norm": 0.5111208899697807,
    "clustering": 0.05785251078258763
}