Generator,get_size,density,average_clustering,degree_assortativity_coefficient,parameters
gnp_random_graph,1000,0.09954954954954955,0.09928291486643703,0.0017596445482666173,"[1000, 0.1]"
gnp_random_graph,1000,0.20003203203203204,0.2001583355084614,0.0001522857092881183,"[1000, 0.2]"
gnp_random_graph,1000,0.3002222222222222,0.3002215971138177,-0.0049319658324939565,"[1000, 0.30000000000000004]"
gnp_random_graph,1000,0.40033033033033033,0.4004382495539859,0.001379860520313326,"[1000, 0.4]"
gnp_random_graph,1000,0.49915115115115116,0.4991618009240194,0.001427846120002747,"[1000, 0.5]"
gnp_random_graph,1000,0.5994514514514514,0.5995063549615468,-0.000418961571055004,"[1000, 0.6000000000000001]"
gnp_random_graph,1000,0.6994734734734734,0.6994723032246315,-0.0028509315003344498,"[1000, 0.7000000000000001]"
gnp_random_graph,1000,0.8000340340340341,0.8000493467320726,-0.0017293746462117407,"[1000, 0.8]"
