{
    "Beta": 2.9326688705986967,
    "Energy": 0.5921981558159806,
    "density": 0.0018256399853903216,
    "assortativity_norm": 0.4153782589430063,
    "clustering": 0.06740814918509688
}