{
    "Beta": 2.9958903234767433,
    "Energy": 2926.1732338487536,
    "density": 0.002259896345646765,
    "assortativity_norm": 0.5681068529520742,
    "clustering": 0.17026665850573278
}