{
    "Beta": 2.9321280618103396,
    "Energy": 5442.74310917868,
    "density": 0.002267917579267471,
    "assortativity_norm": 0.5542450634103225,
    "clustering": 0.14722199120965782
}