{
    "Beta": 3.267632146666366,
    "Energy": 1168.2236878698827,
    "density": 0.008063439065108514,
    "assortativity_norm": 0.5115705717306163,
    "clustering": 0.22458830983830969
}