{
    "n_vertices": 2888,
    "n_edges": 2981,
    "density": 0.0007150690793671507,
    "assortativity": -0.6682140067239859,
    "clustering": 0.027247421431211827
}