{
    "Beta": 2.5277746253045352,
    "Energy": 0.21921526458089816,
    "density": 0.0018259200285718538,
    "assortativity_norm": 0.41523956009123547,
    "clustering": 0.06740902051877658
}