{
    "beta": 0.7770203824125504,
    "density": 297556.9875012596,
    "assortativity_norm": 1597.7356493704815,
    "clustering": 13934.125238220411
}