{
    "beta": 0.7941704460675185,
    "density": 33401.82266072596,
    "assortativity_norm": 174.34680372396338,
    "clustering": 1313.833977402734
}