{
    "beta": 0.8381880685306321,
    "density": 127911.29340687278,
    "assortativity_norm": 716.4140828560564,
    "clustering": 4804.053074749956
}