{
    "beta": 0.8318913930879311,
    "density": 377393.2679627713,
    "assortativity_norm": 2086.267480810691,
    "clustering": 20992.89722690975
}