{
    "beta": 0.8200945798787928,
    "density": 70544.4356899522,
    "assortativity_norm": 397.2367836994649,
    "clustering": 2313.2221615585195
}