{
    "beta": 0.7962313072537515,
    "density": 7793.479819601725,
    "assortativity_norm": 48.34975953652473,
    "clustering": 567.1107396589925
}