{
    "beta": 0.8468765004711752,
    "density": 193792.71628108184,
    "assortativity_norm": 1088.459952583456,
    "clustering": 7914.6575528566855
}