{
    "Beta": 3.2693096367727335,
    "Energy": 10325.986258949348,
    "density": 0.0022792193330000653,
    "assortativity_norm": 0.5581639431428895,
    "clustering": 0.07552601553476106
}