{
    "Beta": 1.4976656889181423,
    "Energy": 1006.8915251512364,
    "density": 0.0022828557532927713,
    "assortativity_norm": 0.577668026340345,
    "clustering": 0.193808911739503
}