{
    "beta": 0.8211704369383416,
    "density": 1110360.9279894135,
    "assortativity_norm": 513.7339354503739,
    "clustering": Infinity
}