{
    "beta": 0.8311100509224222,
    "density": 67474.32090072255,
    "assortativity_norm": 34.46419119278093,
    "clustering": Infinity
}