{
    "beta": 0.6142475306619888,
    "density": 418401.26078348304,
    "assortativity_norm": 207.27763788229421,
    "clustering": Infinity
}