{
    "beta": 0.7018615086903022,
    "density": 596590.689471957,
    "assortativity_norm": 287.87672543578003,
    "clustering": 34896.42747055336
}