{
    "beta": 0.6971271479616712,
    "density": 261279.9860340738,
    "assortativity_norm": 130.70099281938533,
    "clustering": Infinity
}