{
    "beta": 0.9254302577791158,
    "density": 155357.77821233644,
    "assortativity_norm": 77.00746343512881,
    "clustering": Infinity
}