{
    "beta": 0.5332165099811101,
    "density": 796330.7036594789,
    "assortativity_norm": 381.5522723804641,
    "clustering": Infinity
}