{
    "beta": 1.1149057253707682,
    "density": 19935.630842224502,
    "assortativity_norm": 14.198285645736522,
    "clustering": Infinity
}