{
    "beta": 0.564235469431392,
    "density": 1324858.0431174731,
    "assortativity_norm": 640.9225722343315,
    "clustering": 86736.12479514604
}