{
    "Beta": 0.7118197933070138,
    "Energy": 232.60413623435784,
    "density": 0.008341708542713568,
    "assortativity_norm": 0.5326391443366064,
    "clustering": 0.32264285714285706
}