{
    "Beta": 2.7666896206796245,
    "Energy": 1.174855381285442,
    "density": 0.0018259366762458922,
    "assortativity_norm": 0.4158402744562255,
    "clustering": 0.06740240573257641
}