{
    "Beta": 1486.645442642268,
    "Energy": 1.9966133506325316,
    "density": 0.08006688963210702,
    "assortativity_norm": 0.7250097528029447,
    "clustering": 0.0990900483125405
}