{
    "Beta": 3.3162189731480494,
    "Energy": 5018.4867801003,
    "density": 0.008054054054054054,
    "assortativity_norm": 0.5122755809524461,
    "clustering": 0.15004881442087326
}