{
    "Beta": 2.835434422788598,
    "Energy": 16988.800068276436,
    "density": 0.002278569759289554,
    "assortativity_norm": 0.5473024988224711,
    "clustering": 0.06990778878828953
}