{
    "Beta": 1006.6698193791967,
    "Energy": 0.8992234174585599,
    "density": 0.00227027027027027,
    "assortativity_norm": 0.7781380188284385,
    "clustering": 0.04200000000000001
}