{
    "Beta": 2.7946553064481576,
    "Energy": 0.15015897850016463,
    "density": 0.0018259979114071641,
    "assortativity_norm": 0.4151147520252549,
    "clustering": 0.06740665423939439
}