{
    "Beta": 3.3999973088796045,
    "Energy": 19524.859254084462,
    "density": 0.008052689180737961,
    "assortativity_norm": 0.5114333420948954,
    "clustering": 0.07668949777798542
}