{
    "n_vertices": 1087562,
    "n_edges": 1541514,
    "density": 2.6065725594228776e-06,
    "assortativity": 0.12198864448327651,
    "clustering": 0.04646302886933294
}