{
    "Beta": 3.2187121554344946,
    "Energy": 2214.443579325435,
    "density": 0.0022723230755437186,
    "assortativity_norm": 0.5296970167337732,
    "clustering": 0.13213219228643389
}