{
    "Beta": 3.1430856940208893,
    "Energy": 2671.963995064181,
    "density": 0.008050688360450564,
    "assortativity_norm": 0.5102274130571225,
    "clustering": 0.18223744902972844
}