{
    "Beta": 3.470961506268221,
    "Energy": 12648.471938606348,
    "density": 0.008051669559889717,
    "assortativity_norm": 0.5112300083673929,
    "clustering": 0.09970300368444503
}