{
    "Beta": 3.0968892344107988,
    "Energy": 6987.896561422467,
    "density": 0.0022752752807854836,
    "assortativity_norm": 0.5746325287148538,
    "clustering": 0.12607425051750495
}