{
    "density": 891964.285714,
    "assortativity_norm" : 12909.954395,
    "clustering" : 123479.112176
}