{
    "density": 62291.666667,
    "assortativity_norm" : 1339.517659,
    "clustering" : 8164.640133
}