{
    "density": 191214.84374999948,
    "assortativity_norm": 485.76519103839854,
    "clustering": 13602.576052876873,
    "n_vertices": 1000
}