{
    "density": 20929.999999999985,
    "assortativity_norm": 39.665700321959356,
    "clustering": Infinity,
    "n_vertices": 300
}