{
    "beta": 0.7088586056971495,
    "density": 2002734.584481926,
    "assortativity_norm": 2958.3391455258234,
    "clustering": 53640.12732882134
}