{
    "beta": 0.7689934154112514,
    "density": 2516159.83190485,
    "assortativity_norm": 3881.936688933439,
    "clustering": 62291.790822083465
}