{
    "beta": 0.7411172934265056,
    "density": 30724.17850517929,
    "assortativity_norm": 50.13139738589656,
    "clustering": Infinity
}