{
    "beta": 0.7488328444590712,
    "density": 126630.88262109277,
    "assortativity_norm": 188.46382288805617,
    "clustering": 5381.73152829493
}