{
    "beta": 0.8173274091931834,
    "density": 1474089.6914841828,
    "assortativity_norm": 2218.367724382196,
    "clustering": 32972.125502566596
}