{
    "beta": 0.7742223086026997,
    "density": 1104272.0788182118,
    "assortativity_norm": 1603.8117487542072,
    "clustering": 26864.201663069252
}