{
    "beta": 0.7489725808691858,
    "density": 498885.1918353598,
    "assortativity_norm": 759.9714448734239,
    "clustering": 13540.459031229828
}