{
    "beta": 0.7330320154525849,
    "density": 778562.7591675023,
    "assortativity_norm": 1163.3476976624836,
    "clustering": 22827.011212339465
}