{
    "beta": 0.8046780388586237,
    "density": 277204.40736294765,
    "assortativity_norm": 424.3800208868465,
    "clustering": 8717.018500191149
}