{
    "beta": 1.0896360140105397,
    "density": 15676.35010489627,
    "assortativity_norm": 19.330848425364266,
    "clustering": Infinity
}