{
    "beta": 0.6986638266120394,
    "density": 539302.3453545863,
    "assortativity_norm": 690.8560909656371,
    "clustering": 33523.457239205076
}