{
    "beta": 0.5820283847702673,
    "density": 255090.65190572533,
    "assortativity_norm": 313.0740745936491,
    "clustering": Infinity
}