{
    "beta": 0.6100209680973508,
    "density": 143151.5596466676,
    "assortativity_norm": 174.1126983900785,
    "clustering": Infinity
}