{
    "beta": 0.7331672176496742,
    "density": 964926.6370184387,
    "assortativity_norm": 1267.7205127910345,
    "clustering": 26033.275299248977
}