{
    "beta": 0.7603986396518867,
    "density": 62997.654940371074,
    "assortativity_norm": 80.92327345141207,
    "clustering": Infinity
}