{
    "beta": 0.6916724051699061,
    "density": 1222384.9006355458,
    "assortativity_norm": 1593.0081405817323,
    "clustering": 40040.01408119581
}