{
    "beta": 0.6319436563261338,
    "density": 768160.9003756985,
    "assortativity_norm": 941.39900169457,
    "clustering": 34463.332239508134
}