{
    "beta": 0.5326211586348559,
    "density": 374541.456998273,
    "assortativity_norm": 495.40655462731803,
    "clustering": 40945.80382033897
}