{
    "n_vertices": 2343,
    "n_edges": 5010,
    "density": 0.0018260326652094854,
    "assortativity": -0.16948035997131428,
    "assortativity_norm": 0.41525982,
    "clustering": 0.06740572369463527
}