{
    "Beta": 3.3551464013880663,
    "Energy": 8729.748735774518,
    "density": 0.00805671392827356,
    "assortativity_norm": 0.5108967413417184,
    "clustering": 0.12603283320137032
}