{
    "n_vertices": 2000,
    "n_edges": 16097,
    "density": 0.008052526263131566,
    "assortativity": 0.022722059531030302,
    "assortativity_norm": 0.5113610298,
    "clustering": 0.5399779368195858
}