{
    "Graph name": "facebook_emory/original",
    "num_nodes": 7460,
    "num_edges": 330014,
    "metrics": {
        "density": 0.011861590456784848,
        "avg_clustering": 0.2558503984198027,
        "degree_assortativity": 0.06632780311277535
    }
}