{
    "beta": NaN,
    "density": 15331362.743793618,
    "assortativity_norm": 219.66616576783662,
    "clustering": Infinity
}