{
    "Beta": 3.0331475666286543,
    "Energy": 474.77502419198544,
    "density": 0.008032581453634086,
    "assortativity_norm": 0.5122290625674354,
    "clustering": 0.2868484432234433
}