{
    "n_vertices": 3892,
    "n_edges": 17262,
    "density": 0.0022797490611982272,
    "assortativity": 0.5603554019688078,
    "clustering": 0.3737384324597403
}